{"table_name":"ckas_centered_table_natives","dataset2idx":{"arguana":0,"fiqa":1,"scidocs":2,"nfcorpus":3,"hotpotqa":4,"trec-covid":5},"idx2dataset":{"0":"arguana","1":"fiqa","2":"scidocs","3":"nfcorpus","4":"hotpotqa","5":"trec-covid"},"model2idx":{"WhereIsAI/UAE-Large-V1":0,"BAAI/bge-base-en-v1.5":1,"BAAI/bge-large-en-v1.5":2,"BAAI/bge-small-en-v1.5":3,"intfloat/e5-base-v2":4,"intfloat/e5-large-v2":5,"intfloat/e5-small-v2":6,"thenlper/gte-base":7,"thenlper/gte-large":8,"thenlper/gte-small":9,"sentence-transformers/gtr-t5-base":10,"sentence-transformers/gtr-t5-large":11,"mixedbread-ai/mxbai-embed-large-v1":12,"sentence-transformers/sentence-t5-base":13,"sentence-transformers/sentence-t5-large":14,"openai/text-embedding-3-large":15,"openai/text-embedding-3-small":16},"idx2model":{"0":"WhereIsAI/UAE-Large-V1","1":"BAAI/bge-base-en-v1.5","2":"BAAI/bge-large-en-v1.5","3":"BAAI/bge-small-en-v1.5","4":"intfloat/e5-base-v2","5":"intfloat/e5-large-v2","6":"intfloat/e5-small-v2","7":"thenlper/gte-base","8":"thenlper/gte-large","9":"thenlper/gte-small","10":"sentence-transformers/gtr-t5-base","11":"sentence-transformers/gtr-t5-large","12":"mixedbread-ai/mxbai-embed-large-v1","13":"sentence-transformers/sentence-t5-base","14":"sentence-transformers/sentence-t5-large","15":"openai/text-embedding-3-large","16":"openai/text-embedding-3-small"},"n_layers2idx":{"0":0,"1":1,"2":2,"3":3,"4":4,"5":5,"6":6,"7":7},"idx2n_layers":{"0":0,"1":1,"2":2,"3":3,"4":4,"5":5,"6":6,"7":7},"table":null}